INSERT INTO `quizzes` (`id`, `title`, `user_id`, `country_code`, `created_at`, `updated_at`,`organisation_id`) VALUES
(1, 'Malaria General', 1,  NULL, 1429501910, 1429675291, 1),
(2, 'General Knowledge', 1, 'MYS', 1429669185, 1429669185, 1),
(3, 'General Knowledge', 1, 'AUS', 1429670407, 1429670407, 1),
(7, 'General Knowledge', 1, 'IND', 1429681310, 1429681310, 1),
(8, 'General Knowledge', 4, 'CHN', 1429868780, 1429868780, 1),
(9, 'General Knowledge', 1, 'COD', 1430023637, 1430023637, 1);


INSERT INTO `questions` (`id`, `quiz_id`, `question`, `created_at`, `updated_at`) VALUES
(1, 1, 'Malaria is spread by ___________?', 1429501910, 1429501910),
(2, 1, 'Symptoms of malaria are fever, chills and sweating, etc.', 1429501910, 1429501910),
(3, 1, 'A patient with malaria may suffer from jaundice.', 1429501910, 1429501910),
(4, 1, 'A blood test is always positive in a case of malaria.', 1429501910, 1429501910),
(5, 1, 'What organ in your body does malaria affect the most?', 1429501910, 1429501910),
(6, 1, 'Malaria is mainly found in _________?', 1429501910, 1429501910),
(7, 1, 'Dizziness is a symptom of malaria.', 1429501910, 1429501910),
(8, 1, 'Where is malaria most common within Africa?', 1429501910, 1429501910),
(9, 1, 'All mosquitoes carry malaria.', 1429501910, 1429501910),
(10, 1, 'How many countries and territories worldwide are considered at risk for malarial infections?', 1429501910, 1429501910),
(11, 2, 'Which of the following is not the main ethnic group in Malaysia', 1429669249, 1429669249),
(12, 2, 'When was Malaysia formed?', 1429669457, 1429669457),
(13, 2, 'Which country seceded from Malaysia in 1965?', 1429669519, 1429669519),
(15, 2, 'Which country occupied Malaysia during World War II?', 1429669539, 1429669706),
(16, 2, 'Which is the official language of Malaysia?', 1429669570, 1429669742),
(17, 2, 'Which is the currency of Malaysia?', 1429669800, 1429669800),
(18, 2, 'Which of the following is the capital of Malaysia', 1429669895, 1429669895),
(19, 2, 'Which of the following is the tallest building in Malaysia', 1429670214, 1429670214),
(20, 3, 'In what city were the 2000 Olympics held', 1429670461, 1429670461),
(21, 3, 'What is the official language of Australia?', 1429670514, 1429670514),
(22, 3, 'What is the capital city?', 1429670570, 1429670570),
(23, 3, 'What currency is used?', 1429672143, 1429672143),
(27, 7, 'What is the Capital of India?', 1429681381, 1429681381),
(28, 7, 'What is the national language of India?', 1429681424, 1429681424),
(29, 7, 'Who didn''t invade India in the past?', 1429681509, 1429681509),
(30, 7, 'How many states does India have?', 1429681538, 1429681538),
(31, 7, 'Which is the only country to be more populous than India?', 1429681611, 1429681611),
(32, 7, 'What is the currency of India?', 1429681668, 1429681668),
(33, 7, 'India has Hinduism as the official religion. True or False?', 1429681722, 1429681722),
(34, 7, 'Having got independence in 1947,  how many years has it been since?', 1429681799, 1429681799),
(35, 7, 'Secularism is followed in India. True or False?', 1429681837, 1429681845),
(36, 7, 'Considering the geography of India, what would it be considered as?', 1429681933, 1429681933),
(37, 8, 'Which one is the capital city of China?', 1429870060, 1429870060),
(38, 8, 'Which symbol below represents the currency of China?', 1429870341, 1429870341),
(40, 8, 'What is the approximate number of Chinese Population', 1429870539, 1429870539),
(41, 8, 'Which one of the following is the largest city of China?', 1429870744, 1429870744),
(42, 8, 'The "three teachings" have a significant role in shaping Chinese culture. Which one of the following is not one of the "three teachings"?', 1429871032, 1429871032),
(43, 9, 'Which part of Africa is the Democratic Republic of Congo located?', 1430023709, 1430023709),
(44, 9, 'What is the capital of Democratic Republic of Congo?', 1430023768, 1430023768),
(45, 9, 'Congo is one of the major countries affected by Malaria. True or False?', 1430023805, 1430023805),
(46, 9, 'What is the official language of Congo?', 1430023854, 1430023854),
(47, 9, 'Which country ruled Congo before it got its independence?', 1430023911, 1430023911),
(48, 9, 'Which mineral is illegally smuggled across Congo?', 1430024079, 1430024079),
(49, 9, 'Who are the aboriginal group in Congo?', 1430024175, 1430024175),
(50, 9, 'Which religion is massively followed in Congo?', 1430024218, 1430024218);


INSERT INTO `choices` (`id`, `question_id`, `choice_name`, `is_answer`, `created_at`, `updated_at`) VALUES
(1, 1, 'Inhaling bad air', 0, 1429501910, 1429501910),
(2, 1, 'Drinking unclean water', 0, 1429501910, 1429501910),
(3, 1, 'Bite of a mosquito', 1, 1429501910, 1429501910),
(4, 1, 'Eating roadside food', 0, 1429501910, 1429501910),
(5, 2, 'True', 1, 1429501910, 1429501910),
(6, 2, 'False', 0, 1429501911, 1429501911),
(7, 3, 'True', 1, 1429501911, 1429501911),
(8, 3, 'False', 0, 1429501911, 1429501911),
(9, 4, 'True', 0, 1429501911, 1429501911),
(10, 4, 'False', 1, 1429501911, 1429501911),
(11, 5, 'Heart', 0, 1429501911, 1429501911),
(12, 5, 'Brain', 0, 1429501911, 1429501911),
(13, 5, 'Small intestine', 0, 1429501911, 1429501911),
(14, 5, 'Liver', 1, 1429501911, 1429501911),
(15, 6, 'Africa', 1, 1429501911, 1429501911),
(16, 6, 'Canada', 0, 1429501911, 1429501911),
(17, 6, 'Australia', 0, 1429501911, 1429501911),
(18, 6, 'Alaska', 0, 1429501911, 1429501911),
(19, 7, 'True', 0, 1429501911, 1429501911),
(20, 7, 'False', 1, 1429501911, 1429501911),
(21, 8, 'Southern Africa', 0, 1429501911, 1429501911),
(22, 8, 'Central Africa', 1, 1429501911, 1429501911),
(23, 8, 'Western Africa', 0, 1429501911, 1429501911),
(24, 8, 'Northern Africa', 0, 1429501911, 1429501911),
(25, 9, 'True', 0, 1429501911, 1429501911),
(26, 9, 'False', 1, 1429501911, 1429501911),
(27, 10, 'Over 100', 1, 1429501911, 1429501911),
(28, 10, 'Less than 50', 0, 1429501911, 1429501911),
(29, 10, 'Between 50 and 100', 0, 1429501911, 1429501911),
(30, 10, 'Almost all countries', 0, 1429501911, 1429501911),
(31, 11, 'Malay', 0, 1429669270, 1429669270),
(32, 11, 'Chinese', 0, 1429669270, 1429669270),
(33, 11, 'Burmese', 1, 1429669270, 1429669282),
(34, 11, 'Indian', 0, 1429669270, 1429669270),
(35, 12, '1963', 1, 1429669477, 1429669477),
(36, 12, '1962', 0, 1429669477, 1429669477),
(37, 12, '1961', 0, 1429669477, 1429669477),
(38, 12, '1957', 0, 1429669477, 1429669477),
(39, 13, 'Brunei', 0, 1429669632, 1429669632),
(40, 13, 'Thailand', 0, 1429669632, 1429669632),
(41, 13, 'Indonesia', 0, 1429669632, 1429669632),
(42, 13, 'Singapore', 1, 1429669632, 1429669632),
(46, 15, 'China', 0, 1429669706, 1429669706),
(47, 15, 'British', 0, 1429669706, 1429669706),
(48, 15, 'Japan', 1, 1429669706, 1429669706),
(49, 15, 'Australia', 0, 1429669706, 1429669706),
(50, 16, 'English', 0, 1429669742, 1429669742),
(51, 16, 'Chinese', 0, 1429669742, 1429669742),
(52, 16, 'Tamil', 0, 1429669742, 1429669742),
(53, 16, 'Malay', 1, 1429669742, 1429669742),
(54, 17, 'Yen', 0, 1429669825, 1429669825),
(55, 17, 'Renminbi', 0, 1429669825, 1429669825),
(56, 17, 'Ringgit', 1, 1429669825, 1429669830),
(57, 17, 'Rupee', 0, 1429669825, 1429669825),
(58, 18, 'Johor Bahru', 0, 1429669930, 1429669930),
(59, 18, 'Seremban', 0, 1429669930, 1429669930),
(60, 18, 'Kuala Lumpur', 1, 1429669930, 1429669930),
(61, 18, 'Alot Setar', 0, 1429669930, 1429669930),
(62, 19, 'KL Tower', 0, 1429670264, 1429670264),
(63, 19, 'Petronas Twin Towers', 1, 1429670264, 1429670264),
(64, 19, 'National Science Museum', 0, 1429670264, 1429670264),
(65, 19, 'PWTC', 0, 1429670264, 1429670264),
(66, 20, 'Hobart', 0, 1429670490, 1429670490),
(67, 20, 'Canberra', 0, 1429670490, 1429670490),
(68, 20, 'Melbourne', 0, 1429670490, 1429670490),
(69, 20, 'Sydney', 1, 1429670490, 1429670490),
(70, 21, 'Aboriginal', 0, 1429670548, 1429670548),
(71, 21, 'English', 1, 1429670548, 1429670548),
(72, 21, 'Czech', 0, 1429670548, 1429670548),
(73, 21, 'French', 0, 1429670548, 1429670548),
(74, 22, 'Canberra', 1, 1429671974, 1429671974),
(75, 22, 'Sydney', 0, 1429671974, 1429671974),
(76, 22, 'Melbourne', 0, 1429671974, 1429671974),
(77, 22, 'Darwin', 0, 1429671974, 1429671974),
(78, 23, 'dollar', 1, 1429672143, 1429672143),
(79, 23, 'pound', 0, 1429672143, 1429672143),
(80, 23, 'euros', 0, 1429672143, 1429672143),
(81, 23, 'rand', 0, 1429672143, 1429672143),
(91, 27, 'New Delhi', 1, 1429681381, 1429681381),
(92, 27, 'Mumbai', 0, 1429681381, 1429681381),
(93, 27, 'Chennai', 0, 1429681381, 1429681381),
(94, 27, 'Kolkata', 0, 1429681381, 1429681381),
(95, 28, 'Hindi', 0, 1429681424, 1429681424),
(96, 28, 'Tamil', 0, 1429681424, 1429681424),
(97, 28, 'English', 0, 1429681424, 1429681424),
(98, 28, 'All of the above', 1, 1429681424, 1429681424),
(99, 29, 'English', 0, 1429681509, 1429681509),
(100, 29, 'Persians', 0, 1429681509, 1429681509),
(101, 29, 'Americans', 1, 1429681509, 1429681509),
(102, 29, 'Dutch', 0, 1429681509, 1429681509),
(103, 30, '28', 0, 1429681538, 1429681538),
(104, 30, '29', 1, 1429681538, 1429681538),
(105, 30, '25', 0, 1429681538, 1429681538),
(106, 30, '30', 0, 1429681538, 1429681538),
(107, 31, 'United States of America', 0, 1429681611, 1429681611),
(108, 31, 'Australia', 0, 1429681611, 1429681611),
(109, 31, 'China', 1, 1429681611, 1429681611),
(110, 31, 'Russia', 0, 1429681611, 1429681611),
(111, 32, 'Rupee', 1, 1429681668, 1429681668),
(112, 32, 'Ringgit', 0, 1429681668, 1429681668),
(113, 32, 'Dinar', 0, 1429681668, 1429681668),
(114, 32, 'Yen', 0, 1429681668, 1429681668),
(115, 33, 'True', 0, 1429681722, 1429681722),
(116, 33, 'False', 1, 1429681722, 1429681722),
(117, 34, '68', 0, 1429681799, 1429681799),
(118, 34, '65', 0, 1429681799, 1429681799),
(119, 34, '70', 0, 1429681799, 1429681799),
(120, 34, '67', 1, 1429681799, 1429681799),
(121, 35, 'True', 1, 1429681837, 1429681837),
(122, 35, 'False', 0, 1429681837, 1429681837),
(123, 36, 'Island', 0, 1429681933, 1429681933),
(124, 36, 'Archipelago', 0, 1429681933, 1429681933),
(125, 36, 'Peninsula', 1, 1429681933, 1429681933),
(126, 36, 'Landlocked', 0, 1429681933, 1429681933),
(127, 37, 'Shanghai', 0, 1429870060, 1429870060),
(128, 37, 'Tianjin', 0, 1429870060, 1429870060),
(129, 37, 'Beijing', 1, 1429870060, 1429870060),
(130, 37, 'Shenzhen', 0, 1429870060, 1429870060),
(131, 38, '$', 0, 1429870341, 1429870341),
(132, 38, '£', 0, 1429870341, 1429870341),
(133, 38, '¥', 1, 1429870341, 1429870341),
(134, 38, '€', 0, 1429870341, 1429870341),
(139, 40, '1,357,380,000', 1, 1429870539, 1429870539),
(140, 40, '1,565,225,000', 0, 1429870539, 1429870539),
(141, 40, '1,229,266,000', 0, 1429870539, 1429870539),
(142, 40, '1,145,234,500', 0, 1429870539, 1429870539),
(143, 41, 'Beijing', 0, 1429870744, 1429870744),
(144, 41, 'Hongkong', 0, 1429870744, 1429870744),
(145, 41, 'Shenzhen', 0, 1429870744, 1429870744),
(146, 41, 'Shanghai', 1, 1429870744, 1429870744),
(147, 42, 'Confucianism', 0, 1429871032, 1429871032),
(148, 42, 'Hinduism', 1, 1429871032, 1429871032),
(149, 42, 'Buddhism', 0, 1429871033, 1429871033),
(150, 42, 'Taoism', 0, 1429871033, 1429871033),
(151, 43, 'North Africa', 0, 1430023709, 1430023709),
(152, 43, 'South Africa', 0, 1430023709, 1430023709),
(153, 43, 'Central Africa', 1, 1430023709, 1430023709),
(154, 43, 'West Africa', 0, 1430023709, 1430023709),
(155, 44, 'Cape Town', 0, 1430023768, 1430023768),
(156, 44, 'Kinshasa', 1, 1430023768, 1430023768),
(157, 44, 'Nairobi', 0, 1430023768, 1430023768),
(158, 44, 'Harare', 0, 1430023768, 1430023768),
(159, 45, 'True', 1, 1430023805, 1430023805),
(160, 45, 'False', 0, 1430023805, 1430023805),
(161, 46, 'English', 0, 1430023854, 1430023854),
(162, 46, 'Swahili', 0, 1430023854, 1430023854),
(163, 46, 'French', 1, 1430023854, 1430023854),
(164, 46, 'German', 0, 1430023854, 1430023854),
(165, 47, 'Belgium', 1, 1430023911, 1430023911),
(166, 47, 'United Kingdom', 0, 1430023911, 1430023911),
(167, 47, 'Australia', 0, 1430023911, 1430023911),
(168, 47, 'Germany', 0, 1430023911, 1430023911),
(169, 48, 'Aluminum', 0, 1430024079, 1430024079),
(170, 48, 'Diamond', 1, 1430024079, 1430024079),
(171, 48, 'Lignite', 0, 1430024079, 1430024079),
(172, 48, 'Mercury', 0, 1430024079, 1430024079),
(173, 49, 'Pygmies', 1, 1430024175, 1430024175),
(174, 49, 'Torres Strait Islander', 0, 1430024175, 1430024175),
(175, 49, 'Srilankan', 0, 1430024175, 1430024175),
(176, 49, 'Eskimos', 0, 1430024175, 1430024175),
(177, 50, 'Islam', 0, 1430024218, 1430024218),
(178, 50, 'Judaism', 0, 1430024218, 1430024218),
(179, 50, 'Hinduism', 0, 1430024218, 1430024218),
(180, 50, 'Christianity', 1, 1430024218, 1430024218);